{"cameraMode":{"drawMode":0,"name":"Shaded","section":"Shading Mode"},"sceneLighting":true,"audioPlay":false,"sceneViewState":{"showFog":true,"showMaterialUpdate":false,"showSkybox":true,"showFlares":true,"showImageEffects":true,"showParticleSystems":true},"in2DMode":false,"pivot":{"x":55.56961441040039,"y":-191.1036376953125,"z":56.93890380859375},"rotation":{"x":-0.31779104471206667,"y":-1.1103553987368287e-7,"z":-1.2575676500148348e-8,"w":-0.9481607675552368},"size":981.1790161132813,"orthographic":false}