{"cameraMode":{"drawMode":0,"name":"Shaded","section":"Shading Mode"},"sceneLighting":false,"audioPlay":false,"sceneViewState":{"showFog":false,"showMaterialUpdate":false,"showSkybox":false,"showFlares":false,"showImageEffects":false,"showParticleSystems":false},"in2DMode":false,"pivot":{"x":-38.602630615234378,"y":-4.674796104431152,"z":-340.95281982421877},"rotation":{"x":0.13304205238819123,"y":0.7562975287437439,"z":-0.1623854786157608,"w":0.6196332573890686},"size":20.207712173461915,"orthographic":false}